StuID,StuName,ClassID,WeChatID,FeaturePath
201416010108,冯舒琰,计算机科学与技术1401,wfsf_89,\Feature\wfsf_89_face.bin
201416010105,惠军朕,计算机科学与技术1401,wfsf_86,\Feature\wfsf_86_face.bin
201416920511,唐蕴梦,软件工程1404,wfsf_108,\Feature\wfsf_108_face.bin
201416920219,周映琪,软件工程1402,wfsf_128,\Feature\wfsf_128_face.bin
201416920510,吕国峰,软件工程1404,wfsf_107,\Feature\wfsf_107_face.bin
201416920101,周楚君,软件工程1401,wfsf_135,\Feature\wfsf_135_face.bin
201416010104,翟小伟,计算机科学与技术1401,wfsf_85,\Feature\wfsf_85_face.bin
201416920508,绳金涛,软件工程1404,wfsf_105,\Feature\wfsf_105_face.bin
201416920105,陈正航,软件工程1401,wfsf_138,\Feature\wfsf_138_face.bin
201416920512,张旭东,软件工程1404,wfsf_109,\Feature\wfsf_109_face.bin
201416920403,陆铭杰,软件工程1403,wfsf_117,\Feature\wfsf_117_face.bin
201416920619,包俊,软件工程1405,wfsf_99,\Feature\wfsf_99_face.bin
201416920220,石家斌,软件工程1402,wfsf_129,\Feature\wfsf_129_face.bin
201416010107,赵旭,计算机科学与技术1401,wfsf_88,\Feature\wfsf_88_face.bin
201416070325,郝士倩,软件工程1405,wfsf_96,\Feature\wfsf_96_face.bin
201416920215,张梦祥,软件工程1402,wfsf_125,\Feature\wfsf_125_face.bin
201416920401,华子清,软件工程1403,wfsf_116,\Feature\wfsf_116_face.bin
201416920406,于雷,软件工程1403,wfsf_119,\Feature\wfsf_119_face.bin
201416920217,刘鑫,软件工程1402,wfsf_126,\Feature\wfsf_126_face.bin
201416920104,李誉凯,软件工程1401,wfsf_137,\Feature\wfsf_137_face.bin
201416920509,崔金涛,软件工程1404,wfsf_106,\Feature\wfsf_106_face.bin
201416920102,王曦,软件工程1401,wfsf_136,\Feature\wfsf_136_face.bin
201416920616,苏国琪,软件工程1405,wfsf_97,\Feature\wfsf_97_face.bin
201412030210,于子勇,软件工程1403,wfsf_115,\Feature\wfsf_115_face.bin
201413040325,鲁汉鹏,软件工程1405,wfsf_95,\Feature\wfsf_95_face.bin
201416010106,张永威,计算机科学与技术1401,wfsf_87,\Feature\wfsf_87_face.bin
201416920218,王恕园,软件工程1402,wfsf_127,\Feature\wfsf_127_face.bin
201416920405,郝欣,软件工程1403,wfsf_118,\Feature\wfsf_118_face.bin
201416920106,苏有朋,软件工程1401,wfsf_139,\Feature\wfsf_139_face.bin
201416920618,张开帆,软件工程1405,wfsf_98,\Feature\wfsf_98_face.bin
